{"training_status": "Trained and evaluated", "mse": 1.4603950830860413e-06, "directional_accuracy": 88.95833333333333, "cumulative_return": 132.79360197846387, "buy_hold_return": 21.056361993115637, "sharpe_ratio": 49.216451095161354, "max_drawdown": -0.2801263456248447, "win_loss_ratio": 8.017857142857142, "total_trades": 505, "signal_counts": {"BUY": 505, "SELL": 0, "HOLD": 455}}